Qualifying Name,County,Primary Care Physicians (PCP),Mental Health Providers (MHP),Dentists,"Primary Care Physicians (PCP) Rate per 100,000 Population","Mental Health Providers (MHP) Rate per 100,000 Population","Dentists Rate per 100,000 Population","Percent of Persons Without Insurance (Population 18 to 64 Years, 2013 est.)","Percent of Persons Without Insurance (Population Under 65 Years, 2013 est.)","Infant Mortality Rate per 1,000 Live Births","Child Mortality Rate per 1,000 Population",Food Environment Index,Population,"Population (%, < 18 Years)","Population (%, 65 Years and Over)",High School Graduation Rate,Percent of Adults Having Some Post-secondary Education (Persons 25-44 Years),Percent of Unemployed (Persons 16 Years and Over),Percent of Children in Poverty,Percent of Single Parent Households,Violent Crime Rate,Percent of Low Birthweight Births (<2.5kg),Low Birthweight Births (<2.5kg) 95% Confidence Interval - Low
"Anderson County, Texas ",1,23,24,19,39.69761,41.64714,32.97066,27.878091,23.88965294,5.720824,64.00636,5.3,57627,19.220157,13.755705,93.79444444,39.85272298,4.788990826,25.4,36.07623119,302.2664343,8.059631959,7.2
"Andrews County, Texas ",3,8,1,4,47.62188,5.72181,22.88722,29.216414,24.58208458,,53.34187,7.4,17477,30.628826,9.944498,92,42.81643315,2.931052467,14.1,24.53033902,518.0096139,8.315899582,7.1
"Angelina County, Texas ",5,53,103,36,60.6123,117.37892,41.02564,30.276003,25.128729,4.923903,46.36019,5.3,87750,26.104843,15.009687,90.25695652,50.64757388,5.209316966,25.9,39.75336616,348.0234538,9.039291392,8.4
"Aransas County, Texas ",7,8,21,8,32.84612,84.09419,32.03588,31.020099,27.16727026,,77.45076,5.5,24972,18.62486,26.589781,90,51.42990002,5.470202564,32,34.19630797,201.3413303,9.145673604,7.8
"Archer County, Texas ",9,1,,,11.51941,,,26.337209,24.42155756,,,6.9,8811,21.65475,18.113721,96.23161765,58.84227297,4.536862004,13.7,17.22583876,120.99879,7.606679035,5.4
"Armstrong County, Texas ",11,0,,0,0,,0,29.384757,27.70448549,,,4.6,1955,23.375959,21.381074,,76.17866005,3.244837758,15.9,29.23433875,17.24435248,9.036144578,
"Atascosa County, Texas ",13,10,19,18,21.23458,39.77059,37.6774,29.733592,24.49949269,4.77327,45.96468,8,47774,27.85197,13.909239,90.50611888,45.93733404,4.861851672,24.4,35.1731519,171.4965445,8.652173913,7.8
"Austin County, Texas ",15,6,10,6,20.79939,34.34774,20.60864,28.119225,25.0422226,,35.46602,7.2,29114,24.167067,17.592911,95.54166667,58.22521224,4.679615677,18.3,29.41508104,202.2513464,7.162534435,6.2
"Bailey County, Texas ",17,5,,2,70.28395,,28.94356,41.503011,33.03824954,,,7.9,6910,30.274964,15.007236,97.5,37.75563713,5.118890357,29.8,13.26198232,251.8660988,8.182784272,6.4
"Bandera County, Texas ",19,5,6,3,24.27067,28.71913,14.35956,27.296324,25.11341542,,,7,20892,17.43251,24.626651,92.14285714,56.78217822,4.704737184,23.8,26.16694124,89.96417498,9.282700422,7.6
"Bastrop County, Texas ",21,19,50,21,25.0577,64.04591,26.89928,31.43211,27.10139228,5.808477,41.23021,5.8,78069,25.455687,13.684049,89.78311567,46.13565912,4.793146451,22.2,27.2972973,368.7931972,7.23518285,6.6
"Baylor County, Texas ",23,4,,1,110.68069,,27.83964,31.38054,27.51107829,,,6.6,3592,21.297327,25.083519,,64.38953488,4.300423986,29.3,19.37984496,379.6239075,10.03717472,6.4
"Bee County, Texas ",25,7,11,9,21.34211,33.47229,27.38642,27.896238,22.3419507,,60.74249,6.6,32863,21.306637,11.429267,88.49722992,41.28670788,5.703595547,29.7,42.89914731,219.6600941,9.582215408,8.5
"Bell County, Texas ",27,275,642,246,84.13826,195.05378,74.74023,23.075029,18.88238086,8.197097,78.49557,5.2,329140,27.745944,9.872395,87.10239492,65.28915234,5.810811806,21,33.22969946,413.7139615,8.816493906,8.6
"Bexar County, Texas ",29,1302,2967,1460,71.63253,159.87146,78.66947,27.706083,22.33595329,6.091289,51.79711,6.9,1855866,26.173819,11.280825,86.86812625,62.53384014,4.648314048,26.4,37.57194054,476.8598363,9.242613934,9.1
"Blanco County, Texas ",31,4,,4,37.30299,,36.99593,30.664532,28.61402672,,,7.6,10812,19.228635,22.410285,96.5,57.99632353,3.659394792,20.4,26.16520535,175.1423031,6.838905775,4.9
"Borden County, Texas ",33,0,0,0,0,0,0,17.759563,16.43286573,,,5,652,21.625767,20.552147,,83.01886793,3.044496487,14.2,15.42553192,51.8134715,,
"Bosque County, Texas ",35,7,2,7,39.2047,11.24859,39.37008,31.16484,27.40048562,,,6.4,17780,21.822272,23.852643,91.80379747,51.73888255,5.190989226,23.5,24.25680739,94.56443621,7.205882353,5.8
"Bowie County, Texas ",37,72,96,45,77.01606,102.92147,48.24444,23.996818,19.82104306,5.495148,54.69849,5,93275,23.831681,15.451085,94.22846284,53.86464572,6.284912703,30.9,43.56052074,677.6623848,9.561331295,8.9
"Brazoria County, Texas ",39,214,198,156,64.80096,58.5584,46.13692,24.670932,20.15930124,5.132643,40.8506,6.9,338124,26.845181,10.871455,92.1323846,65.49296529,5.035629454,13.3,28.1894993,170.3061648,8.353815719,8.1
"Brazos County, Texas ",41,161,176,104,79.24632,84.14933,49.7246,24.796283,21.75301918,4.560013,43.58957,4.3,209152,20.531479,8.268149,82.71054069,66.5425988,3.909567346,24.7,36.08317876,387.1169628,7.110536522,6.7
"Brewster County, Texas ",43,7,12,2,75.3823,130.81871,21.80312,27.478109,23.98148148,,,6.8,9173,19.644609,19.448381,94.96875,73.1498195,4.660709973,22.5,20.48962214,124.1795281,8.663366337,6.7
"Briscoe County, Texas ",45,0,,0,0,,0,44.270205,39.29794521,,,2.6,1536,21.809896,23.893229,,51.24223603,4.287901991,29.1,36.36363636,40.12841092,13.44537815,
"Brooks County, Texas ",47,1,,1,13.81788,,13.90047,32.31126,24.88143631,,,7.2,7194,28.051154,18.195719,82.5,31.0892173,7.586972613,45.5,61.2281758,301.4111522,10.97308489,9
"Brown County, Texas ",49,21,57,14,55.63061,151.38236,37.18163,27.563647,22.67498735,10.258004,50.35247,5.5,37653,22.872016,19.273365,94.07424594,46.87973872,5.112359551,27.4,30.5193293,369.6921535,9.265790317,8.2
"Burleson County, Texas ",51,6,2,1,34.94671,11.59219,5.79609,31.706095,27.88732394,,,6.7,17253,22.68591,19.190865,91.36585366,39.76176971,4.685494223,25.4,33.89574415,174.1793473,7.581227437,6.2
"Burnet County, Texas ",53,20,27,24,45.63814,60.0761,53.40097,31.533666,27.16405483,6.758742,71.50884,6.1,44943,21.600694,21.137886,93.87719298,48.20195775,4.231873322,23.9,35.6302696,166.7140432,7.032181168,6.2
"Caldwell County, Texas ",55,13,23,13,33.13622,57.77443,32.65511,30.602358,25.53321705,,30.04055,6.9,39810,24.217533,13.280583,94.08488372,45.59606307,5.104712042,23.7,34.53346308,317.3754431,8.939526731,8
"Calhoun County, Texas ",57,12,2,5,55.03073,9.17557,22.93894,28.649621,23.94536179,,,6.9,21797,25.186952,16.034317,97,53.92781316,4.832747273,25.5,29.18044837,545.0686561,7.926534558,6.8
"Callahan County, Texas ",59,2,1,1,14.78743,7.40028,7.40028,27.724665,24.53823421,,,6.7,13513,22.245245,20.054762,91.40522876,56.0522696,4.369747899,22.6,22.09264658,97.34728644,9.329140461,7.5
"Cameron County, Texas ",61,201,188,119,48.16956,44.72017,28.30691,47.48172,35.18824311,5.652135,51.53421,6.4,420392,31.604788,12.419361,88.8789692,45.45882941,8.273434937,47,39.43803915,293.3184459,7.811473615,7.6
"Camp County, Texas ",63,7,5,5,56.39249,39.61651,39.61651,34.582864,28.72578604,,83.96306,5.9,12621,26.123128,17.296569,97.5,37.61593954,6.025934401,35.5,32.57229833,236.3501169,7.484567901,6.1
"Carson County, Texas ",65,,1,1,,16.63063,16.63063,22.289679,19.57703928,,,6.8,6013,25.228671,17.112922,,63.44086022,3.344795249,11.5,21.80989583,159.1765268,7.175925926,4.7
"Cass County, Texas ",67,9,6,9,29.67261,19.8275,29.74125,24.834013,21.01777331,,57.93533,5.5,30261,22.467863,21.235253,94.89856802,45.76245897,7.611675536,30.2,43.07872403,283.9246624,8.798714343,7.7
"Castro County, Texas ",69,1,2,1,12.4533,25.70364,12.85182,44.142118,37.01930054,,,7.7,7781,30.445958,14.008482,94.57142857,27.35476593,4.033092037,28.8,28.90938252,105.9840209,7.180020812,5.5
"Chambers County, Texas ",71,4,7,1,10.86602,18.35103,2.62158,22.931442,19.61676868,,47.08915,7.3,38145,27.723162,10.774676,97.81437768,56.93950178,5.684435208,11.9,20.4378129,238.2865793,8.137376238,7.2
"Cherokee County, Texas ",73,12,46,16,23.58583,90.36973,31.43295,35.164234,29.00236054,7.036896,79.52136,5.6,50902,25.619818,16.083847,94.82312925,43.87771918,5.84245486,29.2,37.32726009,455.9605656,7.613636364,6.9
"Childress County, Texas ",75,8,1,4,112.75546,14.10636,56.42545,25.238398,20.98009188,,,5.3,7089,20.947948,15.263084,87.5,48.86363636,3.656433253,28.1,34.36492585,365.8708195,10.2915952,7.8
"Clay County, Texas ",77,3,1,,28.64509,9.6432,,24.061014,21.81774638,,,6.5,10370,21.610415,20.327869,91.6875,56.56379549,4.56051452,17.9,17.88305591,55.19440697,7.670454546,5.7
"Cochran County, Texas ",79,1,1,0,33.1565,34.07155,0,39.870436,33.53151011,,,7.3,2935,28.313458,14.855196,,32.85094067,5.137227305,29.8,25.21008403,84.42380751,8.707124011,5.9
"Coke County, Texas ",81,,,0,,,0,29.149798,26.15711253,,,3.6,3254,19.668101,26.889982,,67.6222597,4.203389831,21.8,27.87769784,19.87281399,6.976744186,
"Coleman County, Texas ",83,4,1,2,46.82196,11.8624,23.72479,31.547745,26.4234468,,,5.7,8430,21.933571,23.41637,,52.23785166,5.97672224,35.6,43.71383482,152.5808492,10.91703057,8.6
"Collin County, Texas ",85,776,868,557,90.78381,98.05239,62.92072,18.57563,16.17331896,4.617458,34.3804,7.3,885241,27.17373,9.720065,96.5976,80.0085302,4.512102538,9,20.08898767,170.3156139,7.832583548,7.6
"Collingsworth County, Texas ",87,1,,0,32.26847,,0,41.546763,35.70585922,,,7.4,3017,28.306265,17.533974,,43.53741497,4.137392662,29.9,28.85572139,10.7342207,7.102272727,4.4
"Colorado County, Texas ",89,15,3,6,72.28219,14.47946,28.95893,30.322691,26.2632412,,92.69272,6.8,20719,22.867899,20.676674,94.63652482,47.26308175,4.416403786,25.1,31.63981826,217.9578299,7.539041465,6.3
"Comal County, Texas ",91,85,140,82,71.74207,113.18253,66.29263,23.21197,20.39682785,5.362529,33.24437,7.3,123694,23.067408,17.405856,93.60255048,67.0856664,4.529805817,13.8,23.5,281.7950767,7.569589614,7
"Comanche County, Texas ",93,7,7,4,51.38369,51.66052,29.5203,37.268925,32.04124499,,,6.6,13550,23.136531,22.944649,93.26335878,51.32019338,4.82635797,31.5,22.2566646,226.7305921,6.771263419,5.4
"Concho County, Texas ",95,,,1,,,24.69136,29.930929,26.47379913,,,7.4,4050,12.888889,15.679012,,27.86779002,3.021784961,26.6,24.86388385,144.8575567,7.653061225,
"Cooke County, Texas ",97,10,23,17,25.99631,59.33799,43.85852,29.504515,25.35260706,6.755001,72.27485,7,38761,24.184103,17.437631,96.49590164,51.71491687,3.841328057,22.8,26.17868676,215.9377683,7.351380043,6.5
"Coryell County, Texas ",99,20,31,19,26.24948,41.02591,25.14491,24.985951,20.26055398,6.559247,52.4531,5.2,75562,24.825971,8.983351,93.88219545,57.90930297,5.997469756,21.6,27.80056011,209.9853923,8.003393665,7.4
"Cottle County, Texas ",101,0,,0,0,,0,38.931298,34.88584475,,,6.4,1415,21.837456,24.522968,,67.76859504,5.697151424,31.7,33.54231975,0,,
"Crane County, Texas ",103,1,,1,20.95118,,20.20202,28.719971,24.54960365,,,8.4,4950,29.979798,11.292929,97.5,40.82145851,3.885381253,11.6,26.57856094,135.4299902,10.99796334,8.2
"Crockett County, Texas ",105,1,,1,26.2674,,26.23295,31.171171,26.53631285,,,8.4,3812,25.577125,15.083945,,45.89515331,3.82231405,19.4,21.02102102,,7.762557078,5.3
"Crosby County, Texas ",107,2,,,33.38341,,,35.319543,28.75870545,,,7.5,5899,26.784201,18.901509,,41.70653908,4.577968527,36.8,30.35714286,141.0896462,9.380234506,7
"Culberson County, Texas ",109,,,0,,,0,37.144993,31.54291733,,,8.4,2266,25.066196,16.769638,,28.48722986,4.133858268,37.2,18.85397412,123.8816242,9.051724138,5.4
"Dallam County, Texas ",111,5,1,2,70.85164,14.01542,28.03083,40.38645,33.70381966,,,6.2,7135,31.997197,8.661528,86.51574803,50.19673974,3.013626834,18.9,33.7193145,311.9516475,8.016877637,6.3
"Dallas County, Texas ",113,1633,3295,1927,65.83799,130.82468,76.50961,35.687128,29.35479355,7.167621,59.0673,6,2518638,26.862733,9.681423,83.47870086,54.21868565,5.353109917,29,38.93613871,465.9238687,8.412693413,8.3
"Dawson County, Texas ",115,4,,3,28.96452,,22.43494,32.450227,26.54391228,,,6.8,13372,25.04487,14.732276,90.68014706,37.7020202,4.99201278,26.2,32.8476017,303.0013838,9.305654975,7.8
"Deaf Smith County, Texas ",117,6,2,6,31.28748,10.41938,31.25814,36.9305,29.33079078,,60.24338,7.5,19195,31.93019,11.857254,88,41.25234034,3.636959371,27.9,34.43495083,293.0216802,8.326724822,7.2
"Delta County, Texas ",119,,2,,,38.18251,,30.724736,27.05219309,,,6.4,5238,21.974036,21.974036,,53.60824742,5.984484669,29.3,33.55874894,107.174379,8.866995074,6.1
"Denton County, Texas ",121,457,748,391,62.7059,99.28813,51.90061,20.339607,17.31166697,4.721624,33.33183,7,753363,26.085831,8.721692,86.10676555,75.85362863,4.400290768,9.8,23.34709864,180.3663027,7.082131238,6.9
"DeWitt County, Texas ",123,9,4,4,43.89602,19.33862,19.33862,25.058879,21.3693359,,,7,20684,22.13305,19.367627,89.78787879,45.39306847,3.804994055,26.1,42.24598931,292.6031876,7.635327635,6.4
"Dickens County, Texas ",125,,,0,,,0,34.14406,30.26490066,,,6.5,2218,18.935978,20.919748,,52.74336283,6.349206349,29.9,28.8248337,108.4451674,14.63414634,9.2
"Dimmit County, Texas ",127,5,3,3,45.88419,27.05384,27.05384,30.507354,23.66264021,,,7.5,11089,30.354405,14.338534,77.5,58.13664596,3.78462739,35.1,40.89751751,469.2832765,8.069883528,6.5
"Donley County, Texas ",129,1,,1,28.39296,,28.22467,33.387184,29.67076557,,,6.5,3543,19.672594,23.313576,,55.26717557,4.858548586,30.7,41.64345404,197.5397324,6.504065041,
"Duval County, Texas ",131,,2,,,17.34154,,29.802191,24.12998134,,,7.3,11533,25.726177,17.159455,90.84745763,40.85588881,5.545680768,33.9,40.44117647,737.6037694,9.816440543,8.2
"Eastland County, Texas ",133,7,3,5,38.36668,16.50528,27.5088,32.777441,27.69442633,,,5.9,18176,21.412852,21.132262,90.4368932,37.28308026,4.82725982,28.2,35.79057046,200.1097948,7.661016949,6.3
"Ector County, Texas ",135,85,76,54,56.90262,49.38143,35.08681,30.807439,25.43046557,6.731611,67.2043,7.5,153904,29.811441,9.584546,71.11453975,48.14441307,3.391646701,18.6,36.98893585,717.7689547,9.78284125,9.4
"Edwards County, Texas ",137,0,,0,0,,0,39.726027,35.28995757,,,7.5,1879,20.170303,26.024481,,41.82389937,4.387990762,37.4,33.54037267,165.5355074,9.433962264,
"Ellis County, Texas ",139,65,107,48,41.67308,67.1617,30.12861,26.41297,22.27575384,5.859644,37.02675,6.9,159317,27.036035,11.877577,93.73984099,57.24367477,4.862600494,16.7,28.8525434,178.1775173,7.383716888,7
"El Paso County, Texas ",141,380,667,330,45.90936,80.02524,39.5927,38.897156,30.65303245,4.505971,44.82963,7,833487,28.264628,11.286439,83.75492224,60.45466921,6.509066241,31.7,36.37909515,401.5136928,9.124543927,8.9
"Erath County, Texas ",143,24,36,19,60.51742,89.67046,47.32608,35.316886,30.82832226,,56.24963,5.2,40147,20.838419,13.734526,91.29189944,57.83508731,4.18830045,23.5,33.02983108,155.9575795,6.730769231,5.9
"Falls County, Texas ",145,2,2,4,11.43314,11.77232,23.54465,30.416435,26.09970675,,,4.5,16989,21.243157,17.322974,90.91176471,39.65517241,5.571112749,31.4,40.03181336,158.3181458,9.564596717,8
"Fannin County, Texas ",147,8,42,9,23.76779,124.43707,26.66509,29.669293,25.37301524,,44.14112,5.1,33752,20.976535,18.804812,92.52570694,49.5804541,5.439627883,22.7,33.4627114,166.9724593,7.210401891,6.2
"Fayette County, Texas ",149,12,5,13,48.34616,20.1345,52.3497,28.792207,26.06692788,,46.79019,6.6,24833,20.919744,23.754681,94.23835125,43.93680615,3.42222558,17.5,19.49602122,129.8058265,6.029579067,4.9
"Fisher County, Texas ",151,2,,1,51.86722,,26.10285,26.131117,23.61535848,,,6.9,3831,20.699556,23.074915,,60.74646075,4.576902608,22.6,20.74074074,166.5972512,10.30534351,6.6
"Floyd County, Texas ",153,4,,1,64.20546,,16.80955,34.827485,28.63618447,,,7.5,5949,27.164229,18.742646,,56.57708628,7.029990326,37.1,40.9583571,348.3963521,9.836065574,7.6
"Foard County, Texas ",155,0,,0,0,,0,34.33908,30.47120419,,,1.6,1275,21.411765,24.862745,,68.51851852,4.273504274,25.1,43.65079365,73.87343019,,
"Fort Bend County, Texas ",157,505,451,323,77.41065,65.80627,47.12955,21.120654,17.82371248,4.456608,32.94944,6.9,685345,27.896899,9.43554,92.2205582,73.19652901,4.491225606,12.4,21.84674334,286.8835591,8.881199539,8.6
"Franklin County, Texas ",159,4,3,2,37.52345,28.30189,18.86792,29.852267,26.04634665,,,7,10600,24.207547,20.320755,97.5,51.10151188,5.100105374,26.4,29.50946311,164.893286,7.70156438,5.9
"Freestone County, Texas ",161,6,4,5,30.54057,20.24087,25.30108,29.658053,25.89443613,,88.15913,6.3,19762,23.079648,18.201599,95.40650407,48.65884325,5.682989691,22.8,32.32834507,253.2151663,8.390304537,7
"Frio County, Texas ",163,3,6,3,16.6067,32.37818,16.18909,30.094451,23.37305943,,87.48906,7.9,18531,24.445524,11.559009,83.2106599,32.93546429,3.513487568,32.2,33.47936362,181.1007111,10.95426313,9.5
"Gaines County, Texas ",165,3,2,2,15.8554,10.29601,10.29601,40.999427,33.98600576,,70.99471,7.7,19425,35.140283,9.328185,91.85990338,31.96772191,3.21344967,19.1,20.56351183,91.25786866,6.099009901,5.2
"Galveston County, Texas ",167,211,350,124,68.77848,111.39473,39.46556,23.822926,19.91285947,5.424322,42.04513,6.2,314198,24.654517,12.769018,91.47101714,63.60363319,5.534605425,19.9,28.66221543,296.5382867,8.538131118,8.2
"Garza County, Texas ",169,,,1,,,15.54002,29.962232,25.14367816,,,8.2,6435,18.399378,11.421911,,26.79447169,3.498032357,29.2,40.15444015,20.28603307,9.351145038,6.9
"Gillespie County, Texas ",171,33,20,17,130.14158,78.36991,66.61442,31.553508,28.03218163,,,7.4,25520,19.384796,28.452194,95.83606557,60.15697138,3.566027223,20.3,25.59414991,63.41908122,7.448582546,6.2
"Glasscock County, Texas ",173,0,,0,0,,0,22.65943,20.71227741,,,5.4,1291,25.948877,14.407436,,48.57142857,2.6957638,12,3.821656051,106.7235859,,
"Goliad County, Texas ",175,,2,3,,26.49358,39.74036,22.147339,19.68356584,,,7.2,7549,21.737979,20.320572,97.5,60.74120603,4.060066741,24.1,39.76683938,191.5796196,8.2,5.8
"Gonzales County, Texas ",177,8,7,11,39.38558,34.20975,53.75819,36.657986,30.66358847,,,6.4,20462,26.502786,16.147004,89.18627451,42.20737228,3.892968514,28.5,41.27191347,514.6680391,8.776978417,7.6
"Gray County, Texas ",179,8,2,11,34.7177,8.67905,47.73477,30.056479,25.26549903,12.189996,65.64551,6.8,23044,25.742059,15.305503,89.47619048,50.74827644,4.068587662,18.3,30.99929627,515.7342657,8.781512605,7.6
"Grayson County, Texas ",181,63,152,72,51.49036,123.04305,58.28355,27.190159,23.12982806,5.077548,56.79911,5.7,123534,23.791831,16.975084,94.78834808,56.16428722,4.828706438,22.4,34.62116184,268.2737699,7.568169171,7.1
"Gregg County, Texas ",183,90,171,103,73.15646,138.79419,83.60118,28.774571,24.10175128,8.357349,77.29392,5.7,123204,25.784065,14.174053,92.494375,54.40942881,4.80366239,26.5,41.8752,504.3874429,8.799179427,8.3
"Grimes County, Texas ",185,8,3,4,29.78517,11.04078,14.72104,31.524566,27.43376079,,83.57012,5.3,27172,21.960106,16.04961,92.89522059,39.21908894,4.768701201,24.6,44.96554043,341.7306127,8.111762055,7
"Guadalupe County, Texas ",187,44,44,43,30.72991,29.88115,29.20204,24.69231,20.85487287,4.951355,41.04455,7.2,147250,26.154839,13.002377,93.56721968,62.74041759,4.28275997,14.7,26.04649908,207.6189721,8.069458631,7.6
"Hale County, Texas ",189,13,28,9,36.3494,80.64516,25.92166,33.347674,26.22284513,4.923798,57.816,5.7,34720,27.692972,12.96947,91.49305556,43.12017641,9.359570142,32.5,35.92581514,215.6695725,9.801102325,8.9
"Hall County, Texas ",191,2,,0,61.74745,,0,43.761194,37.34356076,,,5.5,3147,23.578011,23.609787,,45.45454546,6.25,38.6,31.9201995,235.1788339,12.91512915,8.9
"Hamilton County, Texas ",193,9,3,5,108.30325,36.58983,60.98305,32.508513,28.17176318,,,6.4,8199,20.758629,25.832419,,52.54452926,4.647926524,26.2,27.12060012,254.2529586,5.417956656,3.7
"Hansford County, Texas ",195,2,1,1,36.0036,18.15211,18.15211,32.810499,27.73907536,,,7,5509,29.043384,14.539844,,46.2962963,2.58594463,18,20.70431087,182.2993237,6.814310051,4.8
"Hardeman County, Texas ",197,5,3,3,124.50199,76.37475,76.37475,29.837648,26.05042017,,,5.4,3928,23.574338,19.755601,,33.08108108,5.024213075,29.4,34.09586057,126.9438274,9.537572254,6.4
"Hardin County, Texas ",199,14,16,12,25.26301,28.76611,21.57459,22.083233,18.66590141,5.484461,30.23028,6,55621,24.839539,15.179519,96.02986218,56.69257648,6.20382315,17.3,27.37289356,151.3577147,8.360258481,7.6
"Harris County, Texas ",201,2509,4896,2827,57.85301,110.23626,63.65153,33.415772,27.45351697,5.970425,54.11208,6.5,4441370,27.135996,9.210739,86.03318753,57.04620651,4.920972736,25.1,35.56838126,725.4517483,8.765009213,8.7
"Harrison County, Texas ",203,19,15,15,28.40654,22.27635,22.27635,26.021583,22.10083881,6.985055,71.72026,5.9,67336,24.910895,14.853867,92.46428571,53.31101191,5.452189207,22.7,34.90486513,405.1377468,9.337251061,8.6
"Hartley County, Texas ",205,,1,,,16.42306,,26.638066,23.76963351,,,7.1,6089,21.087206,14.567252,,37.4537037,2.569444444,10.5,8.955223881,240.2795981,6.775700935,4.4
"Haskell County, Texas ",207,2,3,3,34.04255,52.00208,52.00208,28.610262,24.31248479,,,6.4,5769,20.072803,21.650199,,46.8730259,4,34.9,33.13096271,133.3259263,7.712765957,5
"Hays County, Texas ",209,73,166,62,41.47115,89.71761,33.50899,24.664251,21.27659575,4.255616,30.9293,7,185025,23.634644,9.972706,89.88146123,68.60640135,4.21688048,17.4,26.01825498,208.6660455,7.585923593,7.2
"Hemphill County, Texas ",211,4,1,,96.2001,23.92344,,28.394004,24.94462901,,,8.1,4180,31.578947,12.464115,,53.00092336,2.415270744,12.7,29.19708029,417.9817453,6.581740977,4.3
"Henderson County, Texas ",213,36,40,26,45.75786,50.44772,32.79102,31.450612,26.46199305,5.487172,52.16043,5.6,79290,22.039349,20.81347,93.86939103,47.21057536,5.528825623,31.1,30.99502203,379.7314156,6.842664239,6.2
"Hidalgo County, Texas ",215,368,420,203,45.09826,50.53708,24.42625,51.263406,38.16774197,4.888286,47.62339,5.3,831073,33.610646,10.37454,85.26625723,45.34469843,8.679441602,45.5,32.90016901,309.6480889,7.84928275,7.7
"Hill County, Texas ",217,13,11,10,37.33165,31.56566,28.69605,32.259236,27.36075719,11.267606,67.89067,6.9,34848,23.900941,20.118802,94.2322335,49.10901468,5.273719195,32.2,34.11272459,159.1194144,7.917605407,7
"Hockley County, Texas ",219,11,11,10,46.74883,46.65564,42.41422,28.603352,23.59023993,,56.54281,6.9,23577,26.933028,13.530135,85.56426332,54.80610182,3.888614269,21,29.04220779,428.0673338,9.490835031,8.3
"Hood County, Texas ",221,29,49,24,54.81523,90.87369,44.50956,26.357307,22.91363841,7.942417,43.86775,6.4,53921,20.617199,24.072254,91.8339921,55.89560646,4.856557377,20.4,26.26038781,163.5821279,6.955445545,6.2
"Hopkins County, Texas ",223,12,21,9,33.74104,58.46162,25.05498,32.823237,28.24526183,,41.73507,6.3,35921,25.19696,17.229476,92.30201342,48.84444977,4.681189921,32.8,28.6162465,179.5013229,7.625075347,6.7
"Houston County, Texas ",225,6,5,7,26.18829,21.98672,30.78141,31.587778,26.98554802,,,4.7,22741,19.660525,20.614749,93.44626168,43.32685169,5.247514605,37.4,37.25445925,168.526024,10.01131222,8.6
"Howard County, Texas ",227,11,46,11,30.43129,125.50817,30.01282,24.911524,20.70262515,8.379888,76.21467,5.4,36651,21.882077,12.277973,89.97486034,45.64841499,4.38372178,22.7,36.67420246,561.0427689,10.97217881,9.9
"Hudspeth County, Texas ",229,,,0,,,0,43.736501,37.02190865,,,0.7,3211,24.509499,17.190906,,22.23634053,6.106870229,38.8,45.22222222,123.8213163,10.84337349,7.5
"Hunt County, Texas ",231,32,68,26,36.76133,76.84224,29.38085,30.723689,26.42415828,9.345794,73.75754,6.1,88493,23.894545,15.356017,92.74808324,51.25113631,5.750307503,30.2,34.88372093,410.7267625,8.038040646,7.4
"Hutchinson County, Texas ",233,7,3,7,32.08213,13.77853,32.14991,27.657905,23.21399556,9.633028,73.24429,6.2,21773,26.358334,14.71088,91.29595588,57.74340309,4.377487209,18.3,43.27291739,763.9791938,10.30082042,9
"Irion County, Texas ",235,0,,0,0,,0,23.189927,21.14503817,,,5.1,1574,22.236341,18.297332,,57.19557196,3.69088812,13.5,18.32460733,61.52584085,,
"Jack County, Texas ",237,5,,1,55.82226,,11.29305,31.305704,27.67885036,,,5.9,8855,21.727837,16.318464,,36.88708952,3.76626341,19.1,20.85040984,200.3788983,9.221902017,7.1
"Jackson County, Texas ",239,1,,3,6.85354,,20.35416,26.16131,22.43829469,,,7.2,14739,26.060113,16.683628,94.62837838,55.83740831,3.904724717,19.9,25.91380251,180.3785607,7.310149042,6
"Jasper County, Texas ",241,17,11,11,47.68717,30.94059,30.94059,26.946408,22.8104621,7.213706,56.18451,5.3,35552,24.347435,18.218384,94.97197309,43.77514937,8.082603939,27.6,32.48270387,306.3910982,10.05115859,9
"Jeff Davis County, Texas ",243,1,4,0,44.38526,181.4882,0,34.714621,32.82894737,,,7.3,2204,11.978221,29.900181,,42.8115016,3.66894198,29.2,20.99125364,141.7434444,,
"Jefferson County, Texas ",245,152,246,143,60.23189,97.5281,56.69316,28.996285,23.83069457,7.780376,67.70818,4.6,252235,23.69021,13.422404,89.9479638,51.02221436,8.242113197,32.3,45.71211096,651.9736653,10.46492857,10.1
"Jim Hogg County, Texas ",247,1,,1,19.06578,,19.0295,34.152334,26.80082323,,,9.7,5255,30.047574,15.83254,92.5,53.17815577,5.802197802,32.9,34.61835004,149.4768311,9.907120743,7.6
"Jim Wells County, Texas ",249,15,31,12,35.98848,74.96433,29.01845,27.806772,22.34436343,6.469115,80.33996,8,41353,28.167243,14.083622,78.50944882,45.60855097,5.200513631,28.5,37.290024,663.49112,10.94179894,10.1
"Johnson County, Texas ",251,75,104,55,48.47874,66.0502,34.93039,28.382824,24.22791007,8.118798,60.26003,6.8,157456,26.399756,13.177015,91.66410972,51.60072032,4.977707772,19,28.31425905,241.7049765,7.554533417,7.1
"Jones County, Texas ",253,7,3,2,35.2485,15.04815,10.0321,30.848209,26.23181217,,,6.5,19936,17.801966,14.370987,,29.63191129,5.448065173,27.4,29.83286908,290.4841947,7.863383638,6.4
"Karnes County, Texas ",255,3,,7,19.89258,,46.96096,22.794013,19.12741696,,,6.7,14906,21.1861,14.544479,92.42647059,38.8309923,3.77781335,30,41.13498993,194.9922446,9.333333333,7.6
"Kaufman County, Texas ",257,32,99,41,29.47461,88.99996,36.85857,27.606597,23.03248184,5.933852,48.19678,6.9,111236,27.649322,11.792046,91.88841463,57.36300781,5.094087518,19.2,27.08005491,278.4328932,8.162472063,7.6
"Kendall County, Texas ",259,27,60,29,71.49288,154.32099,74.58848,22.938586,20.52538138,,53.3049,7.7,38880,23.407922,19.135802,99.01555556,67.42303609,4.005576707,12.4,18.80572501,108.9229273,7.461442268,6.4
"Kenedy County, Texas ",261,0,0,0,0,0,0,24.313725,20.57971015,,,4.4,400,25.5,15.25,,50,2.865329513,30.3,8.227848101,856.0311284,,
"Kent County, Texas ",263,0,0,0,0,0,0,29.15601,26.9982238,,,4.6,785,21.528662,26.878981,,75.16339869,3.238095238,20.1,30.05464481,445.3441296,,
"Kerr County, Texas ",265,42,128,32,84.07903,253.15454,63.28864,29.530201,25.68475744,,37.9718,6.1,50562,19.443456,26.763182,90.21875,57.07416115,4.346217866,28.7,33.53287125,165.0941833,9.022957822,8.1
"Kimble County, Texas ",267,3,1,2,66.94934,22.53267,45.06534,35.618661,31.6156411,,,6.9,4438,19.040108,26.498423,,57.54339119,3.833718245,34,44.70108696,278.3328576,9.708737864,6.4
"King County, Texas ",269,0,0,0,0,0,0,20,18.33333333,,,6.6,262,20.610687,17.557252,,37.5,4.329004329,16.7,0,119.474313,,
"Kinney County, Texas ",271,,,0,,,0,30.484848,25.89437819,,,7.9,3526,19.115145,25.297788,,32.8358209,7.113654947,24.9,32.43933589,75.87253414,4.724409449,
"Kleberg County, Texas ",273,15,7,13,46.72752,21.74588,40.38521,30.48317,24.90859232,,31.5537,6.4,32190,24.510718,12.373408,78.58459596,62.9686896,5.381224066,28.5,40.3785489,702.7442934,8.548931384,7.6
"Knox County, Texas ",275,2,,0,53.09265,,0,35.945399,31.49982918,,,6.5,3858,26.101607,20.736133,,48.62869198,4.297994269,33.4,38.94179894,105.913504,10.14084507,7
"Lamar County, Texas ",277,23,49,27,46.53421,98.94393,54.52012,29.973391,25.09966115,4.754701,62.82723,4.9,49523,23.655675,18.411647,92.37099494,55.91786375,6.085393258,28.8,39.77417438,375.0214581,9.526895658,8.7
"Lamb County, Texas ",279,5,,2,36.29764,,14.73405,36.637874,29.53272664,,79.44753,7.6,13574,28.267276,16.29586,89.89386793,44.95238095,5.745091728,31.8,39.16292975,346.7525761,10.09055627,8.6
"Lampasas County, Texas ",281,10,12,2,49.45109,59.53562,9.9226,30.398587,26.40110884,,,6.2,20156,23.442151,18.049216,97.31330472,61.05544422,5.566513259,24.1,28.17792287,135.1140675,6.485849057,5.3
"La Salle County, Texas ",283,1,4,,13.57036,53.51887,,31.688234,25.58866431,,,6.2,7474,20.711801,13.152261,92.5,34.77842004,3.065883888,35.7,42.12827988,185.5111069,8.579881657,6.5
"Lavaca County, Texas ",285,12,6,6,61.2839,30.42442,30.42442,27.110986,23.37285903,,66.52253,7.2,19721,23.568785,21.865017,94.33127572,53.45092025,3.900826446,19.9,30.81356684,109.2746893,8.296107211,6.9
"Lee County, Texas ",287,5,8,5,30.06976,47.78402,29.86501,29.459599,26.38421879,,,7.3,16742,22.583921,17.686059,96.33802817,47.26354196,4.007715388,18.7,21.6675379,332.7391563,8.142857143,6.7
"Leon County, Texas ",289,1,1,3,5.973,5.93085,17.79254,32.490698,28.50463648,,,6.3,16861,22.341498,23.40905,91.64823009,52.5733094,5.332776385,21.1,39.70230041,111.4914425,7.330195024,6
"Liberty County, Texas ",291,20,14,20,26.00544,17.92184,25.60262,31.388468,26.11302054,5.357621,71.04475,6.2,78117,25.077768,12.716822,91.10495781,40.739292,6.91540075,23.4,27.2774924,422.1956781,8.304405875,7.7
"Limestone County, Texas ",293,10,7,5,42.87062,29.75684,21.25489,28.322148,24.41620688,,49.70179,5.9,23524,23.146574,17.52253,89.96441281,40.15463918,5.78539108,28.5,34.32778734,516.5202257,10.32927379,9.1
"Lipscomb County, Texas ",295,,,0,,,0,32.807104,30.18108652,,,4.8,3553,26.737968,14.382212,,45.64164649,3.327596099,13.2,24.76089267,0,8.547008547,5.6
"Live Oak County, Texas ",297,,2,2,,16.54123,16.54123,25.253991,22.46027075,,,7.8,12091,19.981805,19.799851,96.61347518,49.70960027,3.472443453,20.7,27.92485056,151.7624488,6.862745098,5.1
"Llano County, Texas ",299,18,11,9,92.57354,56.38134,46.13019,28.19788,25.40235221,,,5.8,19510,15.545874,33.910815,92.5,53.15944159,5.15084621,29.1,40.70481733,78.66475135,7.892376682,6.3
"Loving County, Texas ",301,0,0,0,0,0,0,20,17.44186047,,,7.2,86,30.232558,15.116279,,2.702702703,5,19.2,100,0,,
"Lubbock County, Texas ",303,221,379,156,76.38495,128.92297,53.06592,27.1469,22.68772038,5.205461,54.15976,6.2,293974,24.206562,11.768388,87.92951766,64.6689334,3.904384614,21.3,36.75407595,744.166605,10.04832585,9.7
"Lynn County, Texas ",305,4,,1,69.89341,,17.32802,31.730769,26.22812566,,,6.3,5771,27.343615,15.803154,,50.83459788,4.346326319,28.2,41.29195694,111.5448968,10.32702238,7.9
"McCulloch County, Texas ",307,4,1,2,48.01921,12.19661,24.39322,32.3219,27.27971705,,,7.2,8199,23.356507,21.746554,93.67021277,43.37031168,4.257907543,30.2,22.28006247,190.824521,9.299191375,7.2
"McLennan County, Texas ",309,164,344,111,67.91425,141.30734,45.59626,28.232249,23.18838425,7.440784,58.45316,5.3,243441,24.809297,13.413928,90.01256545,58.96615534,5.085076907,27.8,36.94597986,478.2961574,8.009408269,7.7
"McMullen County, Texas ",311,0,0,0,0,0,0,18.937644,18.11965812,,,5.9,805,20.496894,22.857143,,51.59235669,1.700984781,13.5,24.41860465,281.8224519,,
"Madison County, Texas ",313,3,4,5,21.7691,28.85795,36.07243,33.809598,28.36620926,,,6.1,13861,21.484741,14.724767,95.76923077,35.55146212,4.866995074,28.3,36.26849513,206.8849383,7.111111111,5.6
"Marion County, Texas ",315,1,1,1,9.7704,9.85319,9.85319,28.415759,25.46314041,,,5.4,10149,18.376195,23.588531,92.5,54.84611851,6.340057637,35.6,28.4793122,550.3783851,8.111702128,6.2
"Martin County, Texas ",317,1,,1,18.8253,,18.31502,28.753264,24.89168111,,,7.4,5460,30.238095,12.179487,,40.37005887,3.366629671,16.5,26.12903226,169.987081,9.090909091,6.8
"Mason County, Texas ",319,1,2,1,24.22481,49.12798,24.56399,42.797007,39.4963552,,,7.4,4071,20.142471,27.388848,,62.5,4.639175258,25.1,36.01070951,49.37458855,9.2,5.6
"Matagorda County, Texas ",321,12,14,12,32.79405,38.33621,32.85961,31.019725,25.61230488,5.909213,84.62027,5.4,36519,25.460719,15.830116,90.59100418,41.69109886,7.814349988,30.1,39.06871707,284.2131688,9.093369418,8.2
"Maverick County, Texas ",323,17,15,12,30.39405,26.30518,21.04414,43.984682,33.76620708,3.243243,48.04722,5.8,57023,31.909931,11.419953,85,46.17464377,10.88435374,35.5,31.15627575,291.7543236,7.21691127,6.6
"Medina County, Texas ",325,12,15,10,25.31699,31.31916,20.87944,27.946241,23.56951802,,42.889,7.5,47894,23.917401,15.505074,93.65569823,53.03356669,4.825956996,21.9,30.67780553,179.3111524,8.767709169,7.9
"Menard County, Texas ",327,1,,1,46.55493,,46.57662,39.234875,35.14950166,,,6.9,2147,17.605962,30.135072,,55.3030303,4.661487236,39.8,37.63250883,161.0777566,,
"Midland County, Texas ",329,59,127,76,38.95212,81.49907,48.7711,25.023119,21.77343128,5.685368,49.45097,7.3,155830,27.604441,10.160431,80.86313194,61.74440183,2.839891689,14.1,32.13131187,311.4313193,7.902973396,7.5
"Milam County, Texas ",331,6,5,5,24.82724,20.61346,20.61346,29.218598,24.67828975,,86.70976,6,24256,24.843338,19.389017,90.34013605,48.76914131,6.169465053,28.6,35.95651468,175.7562846,8.676789588,7.5
"Mills County, Texas ",333,1,5,2,20.37905,102.6694,41.06776,38.677432,34.30456295,,,6.6,4870,22.422998,25.154004,,64.76190476,4.408914729,25.6,18.83479649,114.1169363,5.438066465,
"Mitchell County, Texas ",335,3,,1,31.9081,,11.01807,28.275518,23.93103448,,,7.3,9076,20.008814,13.750551,92.44897959,47.08222812,4.481696887,25.2,37.00831025,273.0040951,8.379888268,6.4
"Montague County, Texas ",337,5,6,6,25.63708,30.90235,30.90235,28.496744,24.78286423,,,6.5,19416,22.981047,21.482283,91.72588833,49.97632576,3.920814915,21.8,27.1668533,158.7525577,8.085612366,6.8
"Montgomery County, Texas ",339,305,380,232,61.10547,73.2252,44.70591,24.911863,21.11050646,5.477661,44.92881,7,518947,26.763619,12.049207,91.68497157,63.30171739,4.370008873,15.5,24.24910989,215.1611458,7.359864973,7.1
"Moore County, Texas ",341,7,3,7,31.61555,13.54524,31.60556,35.855926,29.17971512,,63.94998,6.6,22148,31.298537,10.190536,95,42.53984402,3.492759982,20.4,32.41220495,274.9729535,7.403581267,6.5
"Morris County, Texas ",343,2,2,5,15.58361,15.69489,39.23723,29.712548,25.36695892,,,5.8,12743,22.890999,21.031154,97.5,53.60899529,7.66384778,29.9,33.97391901,433.8948443,10.11139674,8.4
"Motley County, Texas ",345,0,,0,0,,0,34.56,30.63583815,,,5.8,1153,19.947962,28.447528,,67.84140969,4.471544715,31,15.54770318,81.23476848,,
"Nacogdoches County, Texas ",347,49,60,33,75.00383,91.88221,50.53521,32.681091,27.17270462,5.674182,49.18113,4.6,65301,23.474373,13.085558,87.77645306,55.06934813,5.378769476,28.7,37.97801619,410.9686465,7.563791009,6.9
"Navarro County, Texas ",349,25,28,16,52.04213,58.09731,33.19846,33.40952,27.38785093,5.033219,50.19983,5.7,48195,26.203963,16.200851,91.73174873,46.89050319,5.240025603,31.8,37.20930233,450.2643754,8.14451929,7.4
"Newton County, Texas ",351,1,1,,7.07214,7.07314,,26.20402,22.39498091,,76.81081,4.8,14138,21.693309,17.654548,93.02158273,41.30500759,8.183597225,29.9,50.14191107,43.31570308,9.509803922,7.7
"Nolan County, Texas ",353,6,8,5,39.90158,53.0047,33.12794,27.94553,23.04536878,,,6.9,15093,25.80004,16.875373,89.85215054,53.43353964,4.296545914,29.5,41.50440117,832.4324324,8.934480477,7.5
"Nueces County, Texas ",355,264,394,163,74.97721,110.60549,45.75811,28.99116,23.49331667,5.586756,48.58592,6.9,356221,25.255951,13.01327,85.87549224,58.06758115,5.024531329,23.1,42.52260028,631.7402925,8.735436036,8.4
"Ochiltree County, Texas ",357,4,3,3,37.01647,27.88622,27.88622,35.109969,30.10808564,,,8.2,10758,31.530024,10.308608,92.5,40.20953757,3.011514615,14.6,30.44258373,204.1532425,7.175572519,5.8
"Oldham County, Texas ",359,,,0,,,0,23.188406,21.01910828,,,3,2070,28.115942,13.913043,,77.77777778,3.707518023,32.9,21.44578313,79.97440819,11.48648649,
"Orange County, Texas ",361,22,20,23,26.51976,23.97133,27.56703,21.908339,18.51313615,7.5511,75.66881,5.6,83433,24.672492,15.076768,90.91292392,53.01375207,7.947210999,22.1,32.04194152,388.5708781,9.908280584,9.2
"Palo Pinto County, Texas ",363,13,5,6,46.61336,17.79613,21.35535,34.682153,29.42030899,7.874016,68.8955,5.8,28096,24.227648,18.241031,90.28989362,44.28411095,5.107806691,26,40.99185788,319.8594025,7.712082262,6.7
"Panola County, Texas ",365,8,1,6,33.51487,4.20716,25.24296,25.469999,22.00908117,,64.1382,6.2,23769,24.233245,16.946443,87.61784512,52.30347662,4.79171497,21.5,31.56686098,266.1665127,7.743153919,6.6
"Parker County, Texas ",367,61,59,44,50.23967,47.90361,35.72472,23.434462,19.94385088,7.091448,37.23323,7,123164,24.443019,14.794096,95.14974434,63.78442199,4.53183834,14.8,24.35021914,148.402499,6.997022544,6.5
"Parmer County, Texas ",369,2,,1,20.07025,,10.09285,37.959113,31.66512915,,,7.8,9908,29.13807,12.706904,92.18934911,38.886664,3.119550475,20.4,28.91326022,182.4525463,6.361323155,5
"Pecos County, Texas ",371,8,2,4,50.96515,12.58416,25.16831,31.373778,26.37812047,,,7.5,15893,24.488769,12.389102,87.48677249,34.24419866,4.163027657,21.6,26.88087774,374.2784039,8.990825688,7.6
"Polk County, Texas ",373,24,21,16,52.41319,45.57391,34.72298,31.342132,26.75461418,11.547979,73.23899,5.3,46079,20.484386,19.911456,92.34878587,41.47157191,6.440638875,30.5,42.84351145,211.30022,8.574579542,7.7
"Potter County, Texas ",375,94,228,58,77.26387,187.45838,47.68678,34.416394,27.41222265,10.011856,81.93031,5.4,121627,27.563781,11.567333,85.76502146,49.40861481,3.945681921,30.2,40.01850636,575.3640086,9.403761505,8.9
"Presidio County, Texas ",377,3,1,1,41.66088,14.33486,14.33486,41.899586,34.30313589,,,7.3,6976,25.989106,21.000573,87.9964539,47.87485242,11.59838431,33.9,28.45719661,46.0893211,7.399347116,5.7
"Rains County, Texas ",379,2,4,1,18.07501,36.25816,9.06454,32.00386,28.44837758,,,7.1,11032,20.213923,23.631255,97.5,49.74315069,4.936014625,26.2,39.10171731,165.2495268,7.133592737,5.3
"Randall County, Texas ",381,79,94,71,62.46343,73.3115,55.37358,20.236964,17.09112226,7.575758,54.9721,7.1,128220,24.319919,13.563407,85.89215686,73.2751405,3.439921075,12.7,26.9111725,492.43204,7.845225417,7.3
"Reagan County, Texas ",383,2,,0,55.54013,,0,34.193246,29.38610159,,,9.1,3755,30.332889,10.252996,,28.19634703,3.118908382,13,27.64067127,39.03962522,6.388206388,4
"Real County, Texas ",385,,3,2,,88.99436,59.32958,34.708471,30.62761506,,,1.7,3371,17.264907,28.537526,,70.52238806,6.003752345,33.6,74.05660377,78.70142646,9.128630705,5.5
"Red River County, Texas ",387,2,3,3,16.03849,24.10413,24.10413,31.899591,27.47630455,,,4.2,12446,20.175157,22.826611,,43.02984511,7.813129279,30.6,40.53015751,159.4486164,9.655172414,7.8
"Reeves County, Texas ",389,4,1,1,28.64304,6.96913,6.96913,31.145663,25.27556477,,89.09047,7.1,14349,22.517249,12.000836,96.08391608,40.56537103,4.104413533,27.3,34.7977244,219.9956957,11.30163679,9.6
"Refugio County, Texas ",391,1,2,2,13.68925,27.38976,27.38976,25.956284,22.29031693,,,7.5,7302,23.116954,20.679266,,48.32439678,4.30372807,26,35.79009434,192.6436988,8.372093023,6.2
"Roberts County, Texas ",393,0,0,0,0,0,0,16.91974,16.06060606,,,5.5,928,24.676724,18.642241,,65.95744681,3.386004515,10.3,5.93220339,295.63932,,
"Robertson County, Texas ",395,2,1,1,12.13151,6.06061,6.06061,32.956228,27.96413896,,72.21955,5.8,16500,24.4,18.478788,88.76651982,41.42936907,5.23382273,29.3,45.99708879,288.6231096,8.126259234,6.7
"Rockwall County, Texas ",397,62,92,67,72.73154,104.77286,76.30197,21.291744,17.99057624,5.123701,45.23221,7.6,87809,27.722671,11.815418,94.50814585,73.50609756,4.45811446,8.9,20.94773578,126.230645,7.062105418,6.5
"Runnels County, Texas ",399,6,3,2,58.20157,28.80184,19.20123,31.37569,26.70299728,,,6.2,10416,24.049539,20.63172,,36.57115104,4.142011834,26.8,54.36893204,228.8042627,10.51373955,8.4
"Rusk County, Texas ",401,14,13,14,26.10869,24.10845,25.96295,29.879848,25.39873682,5.564716,52.19207,5.9,53923,23.158949,15.114144,92.32480315,43.31890533,4.896190943,23.1,34.05684331,356.6456827,8.187749947,7.4
"Sabine County, Texas ",403,,1,4,,9.66184,38.64734,27.635172,24.16316574,,,4.4,10350,18.550725,28.570048,,38.53211009,10.50291748,30.3,31.02812356,211.766263,6.35155096,4.5
"San Augustine County, Texas ",405,2,1,4,22.80762,11.6144,46.45761,30.666108,25.84338269,,189.6505,4,8610,20.39489,25.272938,,37.92102207,9.634317862,37.7,44.68822171,311.9893032,8.695652174,6.6
"San Jacinto County, Texas ",407,3,2,1,11.17069,7.38035,3.69017,31.515463,27.16765689,,59.58292,6.7,27099,22.369829,19.963836,92.5,39.08991228,5.758843004,29.5,40.17191048,329.0903446,8.829465187,7.6
"San Patricio County, Texas ",409,18,31,24,27.21623,46.32743,35.8664,27.262825,21.80146016,5.007651,48.2712,7.3,66915,27.309273,14.200105,91.20503597,54.15140036,6.18199326,23.6,34.74793665,324.4062298,8.886357163,8.2
"San Saba County, Texas ",411,2,,2,33.2668,,35.57453,37.961395,32.54006799,,,6.3,5622,20.846674,22.785486,,49.01574803,4.609929078,32.9,32.71812081,221.5737138,7.039337474,4.8
"Schleicher County, Texas ",413,1,1,0,31.19152,31.62555,0,30.120482,27.28613569,,,8,3162,29.190386,15.14864,,45.36741214,2.996670366,19.2,47.9757085,19.3162063,7.894736842,4.9
"Scurry County, Texas ",415,9,4,5,52.01711,23.08403,28.85503,27.304096,23.02848576,,,6.6,17328,25.45591,13.711911,90.07177034,52.35965109,3.349116526,18.3,31.6488123,535.3319058,9.655937847,8.3
"Shackelford County, Texas ",417,1,2,0,29.62963,59.8265,0,27.871363,25.2189781,,,6.9,3343,23.511816,18.516303,,51.47679325,2.742529677,19.3,26.41975309,58.85237862,12.39669422,8.2
"Shelby County, Texas ",419,8,15,8,31.01737,58.78895,31.35411,34.392247,29.23076923,,76.29151,5.9,25515,26.368803,16.135607,93.33617747,43.91231029,5.822914883,31.8,35.8936043,309.3221977,9.090909091,8
"Sherman County, Texas ",421,,,0,,,0,36.720943,33.66074802,,,7.9,3084,27.788586,14.007782,,41.79292929,3.223684211,17.1,32.14709371,119.3317422,8.992805755,5.6
"Smith County, Texas ",423,221,229,128,102.27693,104.6417,58.48969,29.879617,25.27777778,6.393381,67.71198,6,218842,24.88005,15.522614,92.59590361,62.06460726,5.177169943,25.9,32.44760479,391.1620551,7.710368144,7.4
"Somervell County, Texas ",425,8,1,2,92.40009,11.50219,23.00437,25.421042,22.83066554,,,7.7,8694,23.510467,18.081435,90.35024155,54.52620434,5.022506515,19.9,28.1614786,66.0527645,8.854961832,6.7
"Starr County, Texas ",427,11,10,9,17.75253,15.88436,14.29593,46.841425,34.62225743,4.927626,56.69071,4.4,62955,33.023588,11.3049,91.81102362,32.62523779,13.50918655,44.4,38.61834104,264.7182257,9.225819842,8.6
"Stephens County, Texas ",429,4,2,5,43.25727,21.26528,53.16321,33.319879,28.23630382,,,5.9,9405,22.286018,19.064327,97.5,40.37296037,4.312543473,32.3,29.5224977,133.7723812,7.828282828,6
"Sterling County, Texas ",431,0,,0,0,,0,20.916905,19.79899498,,,4,1339,26.661688,16.65422,,65.13157895,2.732919255,18.3,24.08376963,143.472023,,
"Stonewall County, Texas ",433,0,2,0,0,142.55167,0,30.839895,28.4249767,,,7,1403,22.380613,25.801853,,37.64705882,3.905160391,21.7,15.42416452,244.173141,,
"Sutton County, Texas ",435,4,,1,99.85022,,25.17623,30.309544,26.02330445,,,8.7,3972,25.478348,16.062437,,53.2193159,3.516377649,19.9,19.63302752,104.7542305,9.653465347,6.8
"Swisher County, Texas ",437,1,,2,12.88162,,26.38174,34.025223,27.65883978,,,6.1,7581,25.392428,18.137449,83.98058252,37.68035516,6.153317291,28.9,30.66202091,281.6190997,10.2244389,8.1
"Tarrant County, Texas ",439,1106,1903,1062,57.85908,97.82251,54.59144,28.380323,23.22373227,7.419658,57.7071,6.2,1945360,27.08784,10.218109,87.80266988,61.80272422,4.980771542,21.7,32.75525448,436.9252067,8.239080691,8.1
"Taylor County, Texas ",441,91,190,93,67.8512,140.59182,68.81599,26.85941,22.20967742,8.392467,69.32836,5.8,135143,24.642046,13.885292,92.22222222,62.68390144,4.202596127,21.7,37.16514389,378.0067013,8.806289221,8.3
"Terrell County, Texas ",443,0,0,0,0,0,0,37.451737,35.02170767,,,3.8,927,20.064725,22.977346,,50.21459228,4.150197629,24.9,33.6,337.4957813,,
"Terry County, Texas ",445,4,,2,31.38978,,15.69982,36.203432,29.36572474,,75.17101,5.9,12739,26.93304,14.569432,94.74489796,43.11041991,4.368758916,29,37.54589963,228.9698957,10.49604601,8.9
"Throckmorton County, Texas ",447,2,1,0,125,62.18905,0,35.01171,31.40703518,,,3.6,1608,21.455224,25.310945,,57.24907063,3.937947494,21.3,38.98809524,40.4040404,,
"Titus County, Texas ",449,18,17,13,55.24692,52.29804,39.99262,38.455328,30.73191611,,45.81552,6.7,32506,29.163847,13.157571,97.09158416,42.90511131,6.286806883,29.7,28.25764007,231.6319896,8.101067987,7.2
"Tom Green County, Texas ",451,82,146,62,71.33288,125.20582,53.16959,27.01376,22.8980627,5.017472,45.48901,6.4,116608,23.555845,14.453554,88.84412266,54.31364963,4.03820865,21.3,36.282816,270.025129,7.506338283,7
"Travis County, Texas ",453,947,2688,768,84.48161,233.50664,66.71618,24.690278,20.95980906,5.204922,42.92186,6.4,1151145,23.038887,8.433777,86.76354485,71.21457543,4.019549572,23.1,33.10113712,381.3108163,7.734629845,7.6
"Trinity County, Texas ",455,3,2,1,20.84347,14.06074,7.03037,30.860977,26.58795534,,,6.2,14224,19.628796,25.288245,90.36458333,37.63176388,5.982142857,31.3,31.52472528,238.9755614,8.720930233,7
"Tyler County, Texas ",457,5,6,2,23.29482,28.01382,9.33794,27.441819,23.58664213,,69.91785,4,21418,19.394901,20.58082,88.06034483,44.72342095,8.004198924,26.3,30.11042945,359.1997575,8.406524467,7
"Upshur County, Texas ",459,12,13,4,30.08725,32.2149,9.91228,27.693163,23.39660583,7.00321,79.4668,6.3,40354,24.047182,17.101155,96.38241525,53.85379859,5.091376816,23.5,25.6022236,262.9362938,7.717231222,6.8
"Upton County, Texas ",461,2,,0,59.31198,,0,29.627687,26.50560224,,,7.8,3454,28.517661,13.781123,,45.59819413,3.156768325,18.9,31.959799,39.30431365,9.89010989,6.8
"Uvalde County, Texas ",463,12,13,14,44.56659,47.94041,51.62813,35.597552,28.24838478,,49.5835,6,27117,27.83125,16.026847,80.43360434,53.83994837,5.723560567,34.2,38.55486654,297.6412862,8.150684932,7.2
"Val Verde County, Texas ",465,15,23,16,30.8496,46.9637,32.6704,37.217378,29.69557583,4.080992,33.07512,7.1,48974,28.872463,13.799159,91.76957831,48.3955729,5.690973993,31.4,31.54728595,171.5692871,7.077409163,6.4
"Van Zandt County, Texas ",467,8,16,14,15.24361,30.24003,26.46003,30.940486,26.11176092,7.090522,59.98081,6.8,52910,23.454923,19.82612,94.17634253,48.76838561,5.246977691,22.9,27.34241213,192.7047488,6.649127003,5.9
"Victoria County, Texas ",469,72,118,46,79.97512,129.55501,50.5045,28.254273,23.14936602,5.780347,54.55596,6.4,91081,25.817679,14.572743,81.71111111,54.0690589,4.143664211,24.3,40.30812081,550.5774441,8.445480555,7.9
"Walker County, Texas ",471,24,32,26,34.8751,45.8525,37.25515,27.968791,24.68004459,5.933364,56.38631,4.8,69789,15.559759,11.40151,77.9664903,47.84101813,5.375697724,27.9,35.06396489,385.9262958,8.430431803,7.6
"Waller County, Texas ",473,4,22,7,8.84701,46.98847,14.95088,33.424454,28.57379219,,43.91642,6.4,46820,24.002563,11.546348,95.99284437,43.51634266,5.030086499,23,32.10560932,220.4695775,8.003834172,7.2
"Ward County, Texas ",475,3,2,1,26.6809,17.2043,8.60215,27.44396,23.10844893,,,6.9,11625,28.008602,14.107527,86.97552448,45.40251812,3.497668221,19.1,37.57455268,438.0552813,10.91219096,9.1
"Washington County, Texas ",477,23,19,11,67.35584,55.17161,31.94146,27.16286,24.07713287,,40.58991,6.4,34438,21.551774,19.765956,94.60294118,52.32127599,4.547741854,21.7,35.74291638,231.3481644,7.734056988,6.8
"Webb County, Texas ",479,83,81,69,31.61965,30.37428,25.87439,47.313871,34.85285364,5.145414,47.29336,7.8,266673,34.002317,8.653294,90.8271777,47.16092802,5.074453338,42.3,38.34671758,473.4981963,7.517890772,7.3
"Wharton County, Texas ",481,19,15,17,46.0986,36.43607,41.29421,31.602926,26.30802176,6.190476,48.14085,6.6,41168,25.935192,15.750097,95.3012685,46.82745057,4.681183389,24.4,39.83609646,423.5733316,9.544895449,8.6
"Wheeler County, Texas ",483,3,2,2,52.16484,35.00175,35.00175,30.975085,28.25765576,,,7.6,5714,26.356318,17.20336,,54.42546584,3.547459252,17.3,22.30715775,218.4333475,6.719367589,4.5
"Wichita County, Texas ",485,105,190,111,79.51714,143.55332,83.86536,26.732633,22.239371,8.710399,80.53535,5.5,132355,22.777379,13.765253,93.2671131,57.00553879,4.869071406,29.1,38.51802403,405.3491022,8.456312954,8
"Wilbarger County, Texas ",487,5,19,5,38.07783,146.45803,38.54159,29.481501,24.84882315,,,6,12973,23.579743,16.85809,91.48484849,53.63575717,4.923820141,23.9,42.52981795,441.8945313,7.010785824,5.6
"Willacy County, Texas ",489,7,5,1,31.93285,22.82792,4.56558,37.689304,29.54745443,,56.63994,7.3,21903,25.293339,12.582751,87.53436426,34.13476748,12.34482759,45.9,42.85714286,902.3228112,8.765276022,7.6
"Williamson County, Texas ",491,311,460,260,66.02776,94.02146,53.14257,19.817877,16.99562958,4.537667,34.33943,7.1,489250,27.133776,10.897087,94.60202752,74.75356588,4.300859779,10,22.79767322,142.2911561,7.359447005,7.1
"Wilson County, Texas ",493,17,10,11,37.43009,21.5508,23.70587,22.904088,19.78340847,,42.08195,8.1,46402,24.764019,14.863583,96.71939587,58.3069999,4.120394853,15.1,25.71608719,101.3843152,7.669172932,6.8
"Winkler County, Texas ",495,3,,2,39.44255,,25.57218,30.953478,26.23321768,,,8.7,7821,30.392533,10.880962,91.90217391,46.47599591,4.244582962,17.4,33.73873874,277.0594754,7.940161105,6.1
"Wise County, Texas ",497,32,10,19,52.51153,16.22376,30.82514,26.98237,23.34740077,5.337751,66.2937,7.5,61638,25.14358,14.351536,95.69558102,47.45570801,4.803795934,15.3,23.92128183,154.2499182,6.832753252,6.2
"Wood County, Texas ",499,21,17,13,49.63835,39.67143,30.33697,31.228769,26.66314678,,71.16594,6.6,42852,19.656025,26.540185,96.46834061,47.34513274,5.90548835,25.1,32.88798759,134.7899002,6.832087016,5.9
"Yoakum County, Texas ",501,2,1,1,24.43793,12.06855,12.06855,32.757112,28.04690772,,,8.7,8286,32.307507,11.89959,96.90384615,51.53698367,3.022611906,14.8,16.67315933,141.3780199,7.647628267,6
"Young County, Texas ",503,11,11,10,59.97492,59.9455,54.49591,31.991464,27.25970394,,,5.7,18350,24.032698,19.433243,96.21495327,45.35490605,4.080466339,24.3,34.20993482,163.552648,6.430288462,5.3
"Zapata County, Texas ",505,1,,2,6.94927,,13.96746,44.590164,34.56362635,,92.75004,5.9,14319,33.403171,11.599972,90,37.664152,5.183708345,44.8,39.11055694,205.4778528,9.495412844,8.3
"Zavala County, Texas ",507,3,3,2,24.67917,24.45586,16.3039,34.847561,26.75821481,,,5.4,12267,30.602429,12.480639,85.55706522,47.21136767,12.35721703,41,47.65118791,362.0950991,9.593604264,8.1